story_id,N_tree,N_llm,tree_rate,llm_rate,llm_intercept
241849,924,923,2.5565074888201194,3.255767200875769,117.102097134173
270518,250,255,2.6315935378428703,2.73982144958256,43.3840474245041
69549,726,769,2.45435859492621,2.668551128982332,61.353128896000676
153304,1293,1329,2.627302446613751,2.5519256938693973,81.84009865013188
102226,287,293,2.827642029454229,2.5571426058031457,65.33281160257913
3305,358,370,2.6769667030291426,2.3562905512424246,54.496816003072354
232460,433,433,2.8841115817886167,2.6351322347084847,49.89927141508192
38667,1304,1318,2.221207756801854,2.4067911728090223,53.41351645245823
33717,744,760,2.804330228591796,2.6244646387881296,129.91259928852384
226149,521,539,2.69786729214101,2.668722147961755,99.63082791848142
216386,644,644,2.8144858404556516,2.5553036891416614,63.767799384337124
189783,698,700,2.780576445546748,2.753130783187547,126.01345016807646
98047,2117,2142,2.744675314825044,2.719463864248954,104.20009475613956
5654,191,195,2.840929140704114,3.1184523901831604,38.53088375863937
129784,836,836,2.473891290921384,2.2835129323684633,75.19970414225415
60291,373,374,2.7371800586468624,2.698920607124445,31.62687910860165
80547,333,336,2.8207337136760615,2.512280913282925,17.9501577098511
151716,546,563,2.844697396994888,2.253449394738545,78.42608273710695
70141,531,545,2.089319892273266,2.5981804631024854,77.89615756072973
140936,722,745,2.845678918754949,2.9051566147187318,47.70059300785235
144013,691,691,2.7161230325918875,2.8916633142006054,93.44408111513664
100174,1874,1904,2.4191885124177475,2.1483875181944185,41.13530415700578
36306,644,674,2.468119181767859,2.175170641603798,57.08070212636641
190161,983,985,2.7981454901049267,2.3717932746880583,136.89400943504356
188076,673,706,2.6048807672792056,2.9017501003541137,57.65809468527313
65053,515,516,2.7416617484023127,2.7706805472551306,34.33628408440457
171802,144,148,2.795741556263139,4.325309269309791,54.234380615683065
234976,882,888,2.75117086960352,3.216110758500612,79.90977951775692
152786,486,494,2.7746780045863364,3.100538720766163,51.77911066306406
44587,1461,1508,2.408582800659051,2.623439945557318,78.45439997666836
72012,1923,1921,2.7131886089647614,2.6375926030579278,73.13614175818402
167250,416,453,2.7707268173685002,2.201712656825669,94.19361607885062
235332,408,408,2.764938675176135,4.013520751309971,3.547994730111054
269586,464,465,2.781887210385748,2.689931749959316,42.46366343242316
249170,350,361,2.8687161287698744,3.1631193574018135,23.63352463341754
37535,1099,1122,2.1450720674235617,2.596264572925422,39.29987453992796
97364,718,766,2.460543556361311,2.482256403766881,79.02314261116487
210466,490,508,2.8141122984256848,2.1620753246153255,40.89837115438064
22055,526,526,2.771172962838873,2.7033585512141385,34.075941793998645
185257,1143,1149,2.4128714603320254,2.158388709412155,69.49933846154683
44276,999,1001,2.4633642848839084,2.9594008966886336,136.90759827639067
189523,1050,1060,2.5864065668788863,2.0218820216135147,91.0257557295089
207894,769,775,2.273169880674306,2.2724695594979916,143.73632642724797
161919,620,649,2.6770071681385645,2.424911897756848,47.6998352724027
226660,497,512,2.838952303150397,2.8026923854707286,111.73273729491068
40296,153,161,2.784154788620067,3.241627364419442,39.35237272455029
94902,865,865,2.5450928811716413,3.091406204071641,54.025782905980286
178926,638,674,2.786997213484273,2.4050729601055743,55.556722579884614
172924,178,185,2.835458064960205,3.8595885275719635,33.94215007395125
160147,368,368,2.644850132229234,2.95112696754514,52.571439298659
92808,365,366,2.492212276269345,2.709196795134018,84.25781256340623
54136,294,294,2.795398881887725,2.828451999948444,49.524502755637265
249401,455,456,2.744627993635449,3.427563388862698,62.791429777117
189985,511,511,2.8103123541528108,2.3932988287991463,30.309107526865674
153438,354,369,2.8122682910140284,3.278414214978616,43.98577918901673
237877,185,185,2.768000987121334,3.6930903740697674,32.59154194288231
173231,1430,1484,2.168812142326421,2.0081758671770285,40.445163556843205
29278,847,852,2.815745544832082,2.800793541679163,34.563367862755875
57852,1009,1057,2.282678050928744,2.765603483911157,146.5422805939463
174941,736,754,2.856387072370313,2.5032954144300104,125.85157695329666
56994,153,158,2.6581055901413846,3.2511630284936017,20.068618178506753
245523,733,747,2.8225568177529787,2.028049881468113,111.62793804614881
109729,822,847,2.83037350408133,2.5338420017654726,80.23870886807282
263026,731,739,2.3052013266333007,2.3794311312985377,73.66476258330698
132119,823,840,2.587309683080371,2.6217847471971862,51.474397076682365
145670,672,725,2.8158973203193565,2.8961210249573734,11.854228675683434
198859,757,768,2.810859398614623,2.625015173771451,102.65784544584888
204315,1243,1258,2.282465310183746,2.2806275109838174,48.87403385167325
51821,1543,1564,2.6311596893973146,2.397597854504375,153.03443816223705
195565,752,752,2.7546921306071015,3.0305120744470937,24.931467162478327
29200,223,223,2.7868372284161094,3.181731711210576,32.42685462279075
123406,357,359,2.8157755636873656,3.277454222147715,-14.033310843885273
260212,1211,1234,2.3602039839900093,2.426190998883615,102.44864751043015
14773,2001,2035,2.291331296876761,2.903442271149821,169.17385690667328
190289,1389,1424,2.7034610439396034,3.125496657760604,-12.286258015293045
237869,405,405,2.5484188118272364,2.750172074752658,27.500066812289138
180496,331,334,2.775758121429168,2.8487678179731253,53.84756478867369
246447,351,361,2.649241721247971,2.687214782645693,31.70473226784601
41081,626,636,2.7726123374272507,3.264082201180275,72.29014627160878
82444,271,271,2.7190273806130096,3.0849250045158034,81.26247316603087
74497,1028,1057,2.615334595305105,2.6779280540298562,183.5220181818437
68387,926,939,2.2776500032586617,2.726755254130745,134.7515347617156
227601,442,444,2.790820528938407,2.9287232590679455,61.686958809820084
96588,914,918,2.8304454228584657,2.5682353453683655,85.96771256452641
188769,517,522,2.8488763483300366,2.888912618053122,70.3695329183667
264608,123,125,2.7125209226788893,2.705702416510675,29.871342121829514
126859,279,279,2.8214663524445625,2.8734493380537343,71.66640344541202
214371,1767,1771,2.8798035595282956,2.6021368685480852,174.05519432479227
91177,1640,1661,2.4178226290227722,2.353420120133271,99.476567616834
173560,218,228,2.700420957679737,3.2948124271133388,33.08120557231882
253289,2191,2246,2.174606390308844,2.3091093306550703,77.11888023079631
142779,349,349,2.747452532156698,3.5832995691388967,33.17695535928264
147461,732,732,2.747676644970065,2.7195034780423613,74.14344759116324
75418,252,253,2.665117790078562,4.083371540740045,42.26070740497962
216370,1203,1210,2.3682644200320038,2.680713810242037,83.98157298882428
140926,505,517,2.819413202141204,2.5424465683443254,102.33707496188248
132095,1847,2002,2.232687214447353,2.649977034202441,59.933226648063055
230927,523,549,2.3040484867840676,2.396652521941598,79.84675985693684
187138,748,766,2.481921499206366,2.589291686174839,53.730453736564094
78908,188,188,2.751129649305058,4.019652604848624,34.952192099909055
43701,823,831,2.8490564946227193,2.4612645670651814,70.52921217431756
122867,638,640,2.587331698931113,2.387197802756057,44.87051966480727
135971,1260,1276,2.753717875194434,2.564295154404406,157.22436469225744
141685,1715,1742,2.6090216013649536,2.7812317020379997,255.42506846931
63168,526,530,2.762654485722781,2.332616324710308,77.4932343914238
62838,1205,1212,2.362154948663926,2.4866743930251247,229.17648806655322
98907,1551,1595,2.6238246424895424,2.43870413217757,243.25135836159043
128927,372,373,2.6383473691074033,2.366775941775393,23.002441036921898
37066,1412,1436,2.3457053537947976,2.0318248018278027,110.6820382021646
125160,186,187,2.896298004231247,3.9444422824950967,30.017308585317352
200425,643,643,2.7772688117092508,2.8577692483707913,8.079807820389222
11141,877,895,2.143698047333801,2.5996123492575762,127.82487070510368
191833,207,217,2.7391529285336347,2.499771968433061,48.03863242581995
228765,1130,1170,2.436114419917294,3.0261358852204454,140.55213659808757
218077,511,528,2.811364552297817,2.618039564388399,77.42765155728647
209478,660,663,2.775401502054765,2.9011388990900926,44.48727178382836
99068,308,308,2.8394068505654655,2.7596318334429926,23.50651248985166
86685,499,511,2.468825685625112,2.133515061187392,63.11004136672464
67021,331,331,2.6539504173980486,3.273592227473004,36.08482063271051
125541,1545,1544,2.822478763189277,2.656593170943985,65.7810668868048
157119,530,530,2.798068457728178,2.515125250969904,57.65128877014551
179662,1178,1198,2.613062374614345,2.425556391806797,140.740778973195
225019,1255,1261,2.549551372670363,2.5509652536810052,111.65468092960869
4798,584,588,2.7503490900731546,2.981998696899935,-49.24310257407514
156346,815,818,2.8542203237983963,3.415913104419683,55.76474820863575
92152,1072,1100,2.338571570466385,2.757930073760889,23.241531318762977
214475,845,850,2.8509501016222294,2.6517432010136557,99.51585874224129
21526,650,658,2.5116580422236665,2.362464760743333,131.14231643605822
228609,565,569,2.809498890392045,2.789490430769314,35.16208423612247
9254,421,431,2.8229108253260535,3.0353598816153875,112.17819999874939
99564,1124,1135,2.731988498721182,3.196930549432334,45.730227859117775
44137,877,915,2.8358191064220413,2.477817704202889,129.66670966652325
62474,822,853,2.3450604183167387,2.4152705047070917,39.45222995968319
141276,234,234,2.7888481305712842,2.8294273185249867,30.6184048155914
259667,1461,1478,2.449793891129862,2.465383448632545,116.79986088337931
102926,790,816,2.6002900532524333,2.772050832635514,56.114386779182766
24177,1113,1156,2.6514928899893593,2.685361867249321,113.41596491293492
39668,942,954,2.49684417636535,2.9257578218743845,-30.478507123972946
10203,1759,1760,2.8367492461100356,2.326931813684748,86.74745496769098
82017,212,214,2.842581033438858,2.530983956741063,3.617558777886011
191798,136,136,2.5619214433906654,3.4516145659594746,36.28500985526127
28828,202,215,2.873020155700923,2.929484862673611,53.011412619727054
126307,297,306,2.794654878273675,3.033499299911115,16.279802492851697
226139,190,190,2.813486345687328,3.0642164297192935,36.46311601799958
62819,318,322,2.7363923490805377,2.730253219738849,38.68336943226484
51500,314,326,2.8399423327289792,3.3386321555543765,48.301914294538804
39150,872,876,2.8528144758512934,2.820726775290623,20.134889693816685
77131,437,447,2.833701993389149,2.70882814795419,39.69574489024666
92918,1173,1175,2.616890305688327,2.9371595588469006,68.04303361955424
51427,1383,1426,2.528883465701888,2.295394092676369,143.3355679122114
99498,330,330,2.7858087125885396,2.6093027945244502,16.231578696980232
64957,786,787,2.597280085032601,2.5837924716015954,33.470272760591875
146596,163,163,2.991104631672908,2.3611378620175505,12.931743652897358
38267,491,498,2.848772605697791,2.5115121893401864,45.23954303539356
148163,278,278,2.8301367307350653,2.870112707634516,50.50714033947334
36333,155,157,2.830632294136293,3.7029131250666896,15.707751080050672
236000,146,158,2.7658410361579837,3.075186573697544,6.638048083972694
189384,369,369,2.9043733149633164,2.71438977467366,34.037918631542915
214506,518,518,2.8534118131121557,2.976621059004124,8.655448613479267
144273,217,217,2.7573260851923007,3.5237849288419074,-6.0556398323063005
123069,2117,2144,2.315714108960622,2.5268666600243455,318.7527425092984
20344,987,1021,2.8042865769553535,2.4611951287005387,105.3081318296336
167072,129,129,2.841838622960571,2.557460350657112,33.03396906556687
240513,419,419,2.512007133973069,2.6716443143723683,5.020699563747515
148294,621,644,2.394393294482082,2.7157881801680657,59.18143718703532
137840,281,285,2.8587890718081077,3.3733961152649887,48.66154840383443
177916,299,302,2.7553764462818435,3.382116941809338,33.34897565176338
100665,1083,1095,2.3856971358538788,3.0619968254846657,126.69175291838266
102714,1036,1051,2.352163664981974,2.775765445023544,117.86908628444714
2349,218,222,2.9213906168611707,3.9859766397961454,21.301117556404677
251981,972,982,2.771750490384308,2.8929489295040978,65.86167751817474
33745,193,210,2.630262279115134,2.8709605107614182,23.880958087088455
49033,664,665,2.81231296961303,2.8433772897784206,66.29206623691873
100532,1201,1213,2.809548752126227,2.870927729146684,37.50661388540633
185399,393,393,2.861538538387413,2.578998466864913,36.12974962285372
246352,2182,2242,2.5967959343031666,2.46588759487433,201.59096934584903
117849,399,405,2.7746807153067135,2.864761280066414,54.12564831256428
186952,1942,1948,2.5036996716485875,2.79989263183163,-68.43189392563487
198182,587,602,2.844939472664077,2.285927903598696,67.52031071698042
142937,768,776,2.824771337018704,2.9511577858660374,102.25617645944467
39398,136,148,2.7773327439975715,2.488818081143368,34.312627985719175
9223,1113,1136,2.480447277960541,2.6853146416299967,3.1956791660791852
228729,312,312,2.773114535555167,3.1202905957014653,59.735501224433754
269516,1346,1358,2.801572132403458,3.168848152035618,113.20815125946683
171053,599,605,2.832616723954805,2.617283585177398,71.36348943833693
210106,393,393,2.799322801131094,2.8392969356345317,81.69173467315056
155029,591,598,2.866108170226176,3.2151512654162855,47.78929783712115
67745,539,538,2.8162278216196257,2.878620306646861,50.63557656517088
48413,361,369,2.9874603364329273,2.8940601472342804,61.160668867671646
102898,1127,1163,2.7298379867313995,2.2298460420426522,61.63173330006911
62625,844,844,2.678806069061691,2.308335358732392,22.56819125890049
169042,709,709,2.83477308849625,2.624051542201593,-5.4926994532987115
95545,252,254,2.662243138105618,3.070368724660376,55.81733121485223
53319,203,203,2.956832634836974,3.2106573267797427,41.61871629645342
145581,840,840,2.7651093713222608,2.898036040465665,89.04355637912292
167476,228,237,2.895231693729757,2.879607411092583,45.54048088776837
34376,259,260,2.8912158995054056,3.166220682163097,53.93859949504242
190530,1636,1656,2.7712784710173417,2.5050861422457094,101.22347820776363
182641,647,684,2.3272236906416235,2.7557795802423533,44.8192564710339
81946,776,814,2.774840582624268,2.36060719331396,130.83201608873773
188261,388,389,2.568945606058779,2.5045751999084302,46.60590130671554
94709,161,161,2.855661880307292,3.4047187233170053,31.429518751552667
200337,247,255,2.613175632350754,2.945121577843628,69.97596612712645
130425,971,975,2.845643066299323,2.897071736435531,154.60965303416492
28984,880,899,2.755468276843849,1.980218914171392,46.33592787861502
210282,817,836,2.7136588324574102,2.859182011728029,58.919561293474096
252191,1164,1206,2.341853400597717,2.731828112834932,197.97135190201968
49326,2068,2144,2.224268765385836,2.357186927983667,119.81149810939046
208536,736,736,2.784407811994106,2.9301757335365473,-1.5172035545732774
150014,224,224,2.9330772978916064,2.9693329548850254,25.81940438687168
53096,440,452,2.900777948613647,2.697827287075974,83.17659574036395
154570,266,270,2.824613121558783,2.7812130672925623,25.46030074615158
183162,1420,1437,2.3150372538997495,2.6598988005182447,107.87064173330145
230473,1314,1346,2.313001297906522,2.5493459523758664,135.73769703864042
46231,666,666,2.7490782232448496,2.2699756439775554,52.365641689700105
233837,784,797,2.729952070566264,2.737335774965842,55.52252163213945
3502,263,265,2.5440357953614643,3.3274903479247784,50.65279762670957
82545,143,143,2.7886024211119453,3.2898598460526487,26.23985626743212
164852,1337,1422,2.6485494976403334,2.2261792509003904,167.67263875279534
81085,191,193,2.9175579796358266,2.4760419754299083,8.698271862046553
151072,1514,1550,2.4607777186078352,2.1936224511534097,127.16749097276029
246195,641,643,2.817129250380423,3.2696315915311995,98.57669708744673
246441,260,260,2.3416748381044514,2.8507270741152,30.69391820015413
28805,841,852,2.39471664314862,2.1459930510679346,82.41980369697868
124211,1305,1308,2.7438441619875045,2.435516468654236,175.4288114276465
36673,746,754,2.4781478834781763,2.5608624928756227,81.73358000108871
87103,196,197,2.7400220811707015,3.5514480705328944,24.075572731889586
140712,1272,1276,2.8159009379922826,2.8767633623249442,72.69082929068638
244401,512,514,2.5209568248080094,2.5209474674336803,59.28266875512484
146572,261,273,2.6848107873347398,2.5765150261679515,26.500648169166038
14461,411,409,2.46832514395085,3.6700357605801486,36.845270181245205
248018,233,233,2.6758526051166336,4.062386881336965,42.424602421547554
67782,789,789,2.849066015136656,3.524242168914135,18.382091870815618
135221,826,880,2.4332431271517225,2.666588983817967,111.47975774601626
45108,796,796,2.871567763723697,2.471276602974316,99.52491219561458
82768,276,278,2.780904656906485,3.478252844644582,28.80032509751589
242120,136,136,2.906296666112846,3.0096910905458802,31.907289290805398
1415,1367,1399,2.8117292743118503,2.591780656027912,200.11241373023708
271781,569,582,2.831829464011679,2.9237085708337736,33.053131821728314
110041,638,666,2.2617798681274794,2.646037987198923,94.51033391942133
85495,404,407,2.8870744837644793,1.6639858018824387,22.94807778158254
271764,916,966,2.5934689258731414,1.9767464217021062,106.77221446498035
232650,214,214,2.8998662269463065,3.24469727432052,14.23127905740976
203114,790,812,2.8360618115165157,2.864398985066571,122.44951371627504
180539,531,531,2.832178746969439,2.8333932084347166,55.49322980588671
68929,302,302,2.68034461624233,3.081925798677945,54.17111591924186
79093,1034,1042,2.7765246839282947,2.321967367761949,62.39550991735555
15183,1433,1486,2.3101190444927044,2.2511337795077044,99.83258679471511
86692,1130,1140,2.334461473533436,2.6252006652441424,56.60391463224283
44570,276,276,2.82688199490533,3.1585779263628844,36.887704222479606
261737,424,432,2.276566508647791,2.823931889236266,56.555582154715296
248828,553,563,2.551565523211335,2.7786383828332046,42.66477944538989
86700,296,296,2.8200674724301744,3.1521117817385726,1.5816355433896054
103450,136,136,2.7403633902707094,4.23685690061743,50.44254605658862
202079,1010,1010,2.8368123861066312,2.6564259763975366,45.38762503139809
145394,152,154,2.7911165696378544,2.969467973525082,29.379011485689787
51474,725,753,2.7652026565084906,2.5276909006076123,97.17132815093065
5525,244,244,2.70724327098442,3.434661447525227,-3.535552776606564
213720,366,382,2.7605398508137484,3.1153110133448765,56.13455314678792
123689,297,308,2.7778606448542855,3.117264774983931,13.9769752890352
193060,198,198,2.7056419039813284,3.8685663454569212,46.05519384342958
112747,736,750,2.805074628531137,2.4303670891870097,65.92712326465326
39588,401,407,2.8186314503122616,2.635858970412664,99.15657485240318
212721,206,210,2.878935793993572,3.0043442575560375,16.160989901386056
66180,273,273,2.802870837347693,3.1103849194541757,38.75665659528701
104338,1028,1029,2.779641902277238,2.311109731273537,156.63148322642806
120823,424,425,2.8401898372023076,2.460602740323811,52.774412558820394
205107,366,366,2.778297961603701,2.8803157641531896,11.10309003343307
293,189,189,2.4910442063483873,4.142734895390496,11.076393354271602
76882,397,409,2.365993281880488,2.9606311509470373,70.07766295252642
130222,241,241,2.7791701743961745,2.9976940745168146,13.13810332579273
30058,510,519,2.4619317707436656,3.5303800335931395,118.30490290213721
117136,300,306,2.8887707148216215,1.952812503377931,70.28856540231956
188779,840,867,2.3729430324672034,2.290631728291298,145.5239233581023
1230,392,394,2.826370983371532,2.8324289521046486,39.38017867205476
131855,850,864,2.8847597654734205,3.1357179055445283,9.691475392649707
83329,1057,1080,2.3980350864254807,2.408563206905834,61.384065980399015
193136,652,675,2.478725378416388,2.31667202781062,78.14273703384927
219319,943,980,2.4768575666998016,2.3772321860877543,94.58106299220417
262126,704,732,2.4957582999886507,2.448167111230992,32.4076595339489
150614,1822,1903,2.369353918987153,2.391868821509388,167.86082982996624
208095,657,684,2.5364710074427697,2.488362442628758,105.77653573251645
126800,1947,2015,2.194607765991705,2.3394035743918096,121.51390082941937
163968,197,200,2.7677203689221574,2.6752841399292504,33.242117768379174
259808,964,980,2.797394933954228,2.6858408825941056,27.974266707016184
157922,181,181,2.8958100299153546,2.3828295390891983,37.6500210257811
177721,169,169,2.7647199561554414,2.9184357604437077,18.515749340619728
186693,151,156,2.6630902954109623,3.7713798093705377,28.3385608092653
85050,378,382,2.876205472231949,3.0976603462153074,20.99540617982415
74080,1103,1131,2.177346903471751,2.2491914136105975,80.45247659452687
222206,351,354,2.7886017240126115,3.0998979503896003,71.58199962742877
166702,509,509,2.8480187723606085,3.312949390716672,-2.745363514984687
125040,211,223,2.781928703097353,2.7933120805854985,39.290061518311035
51307,938,962,2.4209952998462443,2.4382398010367483,136.76060348331643
188388,1708,1732,2.7205610169924332,2.329698715767253,10.672063859484537
237660,581,584,2.7828298982631474,3.2774222065960106,46.99636387364361
249160,682,682,2.413683826080281,2.6774374492765576,83.38572440060234
176930,638,651,2.3772086972604827,2.4967848143121922,36.28947862590622
266670,1592,1651,2.2493228109915475,2.908256265397802,143.9573724809126
219383,234,234,2.8309088614930875,2.352978923070366,18.936893745825632
141585,654,662,2.8060262876779984,2.8797434326637834,33.60699858855246
38184,301,309,2.809750143225858,3.026566638329293,51.260627422153895
151380,166,166,2.8410993613094115,2.3142911277585054,31.618283347675934
210020,404,404,2.8261979910890043,3.033170053430121,74.0770750669828
58816,313,330,2.6635341679759947,3.8965343109160844,50.572704491936385
54379,548,548,2.77909864066998,2.790339919003545,60.47307444141632
203769,1281,1299,2.170000475987789,2.593642306548618,189.4484395800616
182454,753,754,2.8202019446795825,2.5096414043043427,32.25158841744839
51120,1474,1481,2.6216332919728926,2.226300092894137,241.9210033886948
11132,2337,2402,2.5271153869094802,2.8631576529495444,153.81152977694447
180871,2077,2085,2.8304608892282603,2.210438581471338,187.151246534942
263356,1188,1188,2.722375260942045,2.931003087232241,92.83052822275279
84465,349,356,2.8247671894941253,3.604770851293058,65.71560265577494
177953,2450,2480,2.259404517033039,2.675138058542572,281.4043024507395
41193,1493,1513,2.284176452309111,2.827427970146661,183.3058597305641
86330,260,267,2.726685118416466,2.985704298450109,51.20028222458224
37903,268,293,2.837562421337194,2.666193759300073,33.137813390798314
33858,711,715,2.7816496806824995,2.84374743428295,70.05547868507047
161583,682,683,2.5786569808618856,3.0343726370922015,41.415565435163415
116863,683,695,2.633666042831423,2.7536561893303046,28.78615192284252
258555,535,546,2.769920350722575,2.4945556088821146,47.26020015221796
67566,898,918,2.5958896775067077,2.7798102379835794,62.221715821595474
138832,428,428,2.7381096012870763,3.0902345078441678,45.403279239606185
19787,705,705,2.8067402276885107,2.8363229933974035,105.05705329550015
244768,117,117,2.8826643476273244,3.556281314051848,23.35528133132184
69894,530,549,2.426889461338018,3.070412197337716,95.47398073698172
205266,1036,1076,2.371595003105997,2.5323093925631777,105.58725511012513
149563,161,161,2.95339102993577,3.6782567688676555,61.12779486636998
161544,621,622,2.824360016904663,3.111501438478724,56.59431822504552
266042,985,991,2.8399410208200058,2.614330147025268,114.77859242769831
197217,489,496,2.559063127266727,2.997196134221955,63.00586309588026
39840,1715,1763,2.5332824729454066,2.6325217496796762,82.54850215328189
181128,1380,1380,2.7155880922970743,2.358523758771375,68.83099428531449
57504,820,820,2.5090546503379376,2.2499633393957277,104.5017378186929
33491,350,354,2.8918056725389327,2.7058369552617707,48.644163823327155
63427,1207,1235,2.478712760747985,2.3875022791887788,91.57082023723474
217656,467,477,2.6126628943145893,2.798030692609084,82.02116170599099
44151,672,685,2.1282949254423436,2.349271074198096,99.29442983211388
257249,451,456,2.7964155169874463,2.955826090867951,9.985573289239582
206823,363,365,2.7530418493153075,2.2326611536121583,17.97430407561231
182133,957,972,2.8148898626423198,2.5306603255486637,83.53637594571737
34157,945,972,2.5386179360383787,2.4511045099206243,116.1185946006927
151750,654,682,2.7269950254803077,2.8718001229934753,40.83463712309586
213614,1297,1291,2.4555267818116464,2.4246611724063283,105.71072480163147
212774,511,522,2.786179436695894,3.0727737778063116,18.706811089007058
199895,1916,2002,2.5049943363503413,2.4854144055585947,133.52077382979613
123724,1080,1103,2.5146636480815268,2.77579578447126,86.32267504454566
76192,690,694,2.815477844289549,2.6832004254349267,94.64849905162617
48185,1249,1290,2.830852920374625,2.354217599207501,96.00491732803232
227109,390,404,2.835840018855541,3.0136170627168943,8.56528363702439
86165,1311,1367,2.7723817619085023,2.157082198446813,139.89519869625528
198469,1480,1534,2.221558600059157,2.3542144146004467,116.67847498975523
143971,292,296,2.882492089195389,2.9014225321474316,42.10592510988051
117589,898,910,2.7604661764042406,2.39890864308842,83.99584763908993
207020,498,508,2.8530593346812845,2.894736566609714,43.045641517119414
37301,399,399,2.799455130504659,2.5786404377075343,56.85265773985429
48321,432,432,2.82293189560584,2.9424329183017055,24.612355474003877
30831,886,886,2.820255788995751,2.9217809981265455,72.96554772267646
132532,2329,2368,2.597402732451439,2.3563120828205797,184.5798696587001
77311,141,141,2.7531375595539958,3.7408478671357352,26.664122200186277
212532,774,776,2.7877673413792525,3.1059690250713845,80.73690824214376
164777,637,660,2.4528082838634573,2.664910475055245,104.34557709250335
48836,1580,1606,2.4880776401334046,2.6656645003557737,136.72394215324576
268218,971,973,2.48414129610421,2.599663871719021,82.59208902755816
55104,462,474,2.149318384322763,2.434337231284775,51.025341189680375
145487,573,574,2.657690311495538,2.9660998708587156,135.16796754130993
174639,360,365,2.617439415078376,3.001062400603119,52.72144690294818
199614,285,285,2.8878729242940473,2.735874686062465,46.37813008148845
128543,447,455,2.7212986104331174,2.818929685584603,33.65001951717294
116532,1116,1128,2.6868132868854837,3.116230136765941,129.26431135538
148105,320,337,2.779286134254787,3.1813351616770085,54.651965943547836
54983,545,545,2.755080759866746,2.061192347535504,19.370886746405713
194707,587,589,2.8205872544518824,3.189944752532461,68.15472460502153
175174,493,501,2.6113191835528484,2.777672776629004,58.99671251497971
97657,173,173,2.861028380005355,3.3387790771553263,11.95284196344356
144463,608,612,2.795335865316408,3.618831922760902,67.09953322097415
52584,429,452,2.3566159013539982,3.0164798863609716,45.234802628373906
230886,711,715,2.8142022652359087,2.79109779992304,75.18191615894288
213819,456,472,2.810510191752413,2.8508394089951916,83.926023417995
221702,276,280,2.840225407190206,2.7813154450294215,-6.42831034469242
188473,546,546,2.885807650160713,2.638488030578701,6.375912738607337
169409,212,214,2.8380190349985495,3.1509121346340874,6.827267845448317
64212,177,180,2.707790728278978,3.5116307279363737,16.940221338760928
231016,314,320,2.821583680477885,2.711423312903855,41.822417780773655
6544,692,711,2.7467891385212417,2.590180772824763,61.43173052025352
69787,1847,1883,2.7489421404593117,2.6393453063003274,181.00158827950528
271302,705,704,2.6408208535178606,3.127689544288244,125.65431294197353
250237,275,277,2.2143153524804515,2.7135348627247082,43.430510059308965
40344,376,384,2.625041099954801,2.8585300274347536,93.3966547344431
172038,222,227,2.802602025650763,2.78611358546605,57.365808240806
207034,150,150,2.8229811696642213,3.9412442746928122,36.14749933699892
174688,362,363,2.848099589176312,3.1683981758464186,45.48415322747912
53789,1170,1201,2.579740046643038,2.07306060210409,73.15042508816387
89038,508,524,2.399072278489787,2.9392549450751257,30.258084228902543
102839,869,870,2.7205674776346216,2.6150118116940124,134.39604527116867
179515,130,132,2.835739395508024,3.336145897828247,14.474531487817996
105941,763,789,2.8480133456718515,2.2302345418438083,68.40422823165292
221725,194,203,2.6456531320430834,2.4549428690842063,56.463792250560076
154318,258,268,2.7511055347519457,2.6012662349720603,65.3656281544552
220649,284,287,2.8830383694381254,2.930081297053686,47.2340502711329
80117,1848,1935,2.119748712277107,2.4407734564138663,113.01914187508348
171262,691,705,2.8399941739448695,2.4120034392473944,63.36303400299164
144914,291,295,2.6865243171941424,2.7346375955894877,58.7053764287209
168576,292,292,2.334777170728803,3.352880631866711,40.370030260430966
220212,203,203,2.771085030832745,3.3015604560942116,57.261517054243505
206273,1192,1212,2.4817012599438226,2.4473991785320153,136.87185675360422
164098,183,183,2.8530252110625223,2.730396571071781,36.59444524707652
232486,264,265,2.8683955323126464,2.824963899040667,7.068263013802845
150974,561,567,2.741724683040236,3.065630627340467,24.56365017301971
66246,1083,1094,2.765834825046703,2.4553000993856466,91.30742947604728
129469,207,207,2.8054528625136816,3.2761310386951363,17.751311277785984
177719,1171,1185,2.4808808466158845,2.296024813909846,7.523627864498333
244343,574,588,2.270075351529293,2.796201510218713,103.60152671276654
58044,317,328,2.8127841936210465,3.006177467965873,56.99250487383843
112364,699,709,2.7693075788791672,3.144319062638886,126.94896780679679
131883,739,739,2.830916348827156,2.911431010987603,75.84713677384154
134040,1282,1327,2.1302567931791643,2.5058576142500244,76.41102289894137
43094,223,223,2.858760049116368,2.7817449514443897,37.67844506263242
37114,441,465,2.8976559713007135,2.89669699894909,68.28970225441562
267126,345,345,2.8623293918825916,2.8073334867739974,13.74312596418053
14984,271,276,2.7752478518727335,2.8592115187825726,49.32431737182189
234709,749,749,2.8931074774133543,2.6130398046008843,77.81120097850483
127077,2165,2182,2.8660775378456718,2.276071106370624,117.34316202879366
99959,604,610,2.479245378171841,3.1233527673981967,16.688214858250273
5624,262,262,2.8073154567582734,3.4566417295523544,62.03328137355236
197099,196,196,2.831924498790575,3.142198832513261,34.22585295234653
226019,328,329,2.7757391758042558,3.1670242870459844,54.28137904304139
259312,904,944,2.8620015229439795,2.3902050972620525,109.45662528256699
164303,195,195,2.8400086953533212,3.7121854474067955,49.76262695281267
125038,302,302,2.7342348084097146,2.869814356942264,27.231790683374843
3352,696,723,2.751391128876774,3.026708349488037,55.9293294540479
229815,272,272,2.855425426377301,3.1768877190346596,35.986498363717146
71638,1094,1113,2.6007746135224474,2.9788533288726695,120.44563081029386
140786,1391,1436,2.4350361743370286,3.066134402099323,176.2060097931408
6729,523,523,2.7704994062464587,2.969761811187854,54.28454474803447
203673,639,639,2.8281377696419594,2.8354239246317916,-9.621371166405542
217680,243,247,2.6889896291321,3.3736408562358022,49.93057077195769
114128,404,406,2.73084498159494,2.9458757578536665,44.278814943458634
171706,591,601,2.7621189534554516,2.972844443072653,47.64431582840376
152074,567,567,2.8078897106547065,2.7425480025894036,19.12517082747054
155774,708,711,2.3061377162385726,2.398755433406169,154.00185961832153
244506,511,514,2.310211407080771,2.977619400879848,1.1505652694464577
263519,660,660,2.841759707739904,2.8214806109178165,128.2090188110914
158730,330,330,2.819656570121204,2.593811505021176,51.482133975696996
215286,294,294,2.8279849293800754,2.7994349144366093,26.384117627423223
18537,218,222,3.009658667629381,3.167133033017607,44.60062549114517
169129,353,353,2.841425564348955,3.147243473199357,31.103537639937993
139606,278,280,2.8810368574483705,2.2478540019489293,66.15179118923957
94114,825,840,2.217666336333589,2.826279911278323,157.5650406086475
31881,148,159,2.862995674698932,2.9022468103463273,24.67752820895467
171436,221,225,2.8307743500688685,2.4580395430147397,45.03454709778438
3553,202,204,2.762895467939008,2.987139392068894,-3.9258388193662497
66679,2383,2386,2.3601145096792493,2.6311043455162153,142.43154800281764
63274,692,702,2.843515159212302,2.530365155531421,75.17612245392156
25877,1182,1213,2.8729568268020143,2.4914133112373085,187.67710905528676
76540,1360,1371,2.7396112730871107,2.3961911835981504,54.87777580009537
207803,899,901,2.8076356529216815,2.7908793684759536,52.8301115489931
162740,1993,1994,2.780668655200462,3.445847680869541,-16.395833763120883
105725,235,235,2.9578530321491705,3.3879098725030414,29.32368447531062
77372,1408,1409,2.6915952260520135,2.201720140814228,26.407889990811718
16200,315,327,2.821692033273204,3.1131284339208833,54.24869787771497
24280,1118,1148,2.557448598482943,2.5599176721036754,70.77933489090563
81391,353,353,2.766343154166704,2.6570847884141737,84.24155074289
137260,429,431,2.756486995379867,2.8012041862272894,14.90156329138506
213655,598,615,2.5272677103639407,3.569166464712335,82.69004047587389
77017,329,337,2.9122711245611552,2.63808181055135,59.214484427295034
109400,405,406,2.827489019427522,2.855928230293631,-1.475064971555882
204192,1016,1054,2.8464608704680057,2.32940936540734,61.44666397644146
261239,833,842,2.502676903943511,2.427882871559775,96.18700608096097
162312,477,477,2.7820017457684174,3.1557859699716877,32.91063551729771
216200,127,127,2.8317233976355225,2.946068344879266,24.813618421483604
77104,380,380,2.7491627162939345,2.9657418978337162,50.837319731119685
238067,857,859,2.833028653513001,2.9645496449655613,73.25531418979105
258865,729,776,2.6361733612059823,2.6145534140553273,102.99812235674045
235014,181,184,2.8345958214052493,3.2338442066556765,39.25835984639692
209830,243,243,2.827607348719483,3.175048399606998,63.545021819325314
155873,507,520,2.6478470834411096,3.295029083953759,35.25302420480289
263265,587,587,2.7980454755333217,2.538581686772009,62.818556263922645
137804,441,447,2.8224880543265685,2.624117173057991,66.03504336457112
214717,930,930,2.334686611756044,2.624309524227781,128.09697512471558
15364,247,247,2.8504125915610627,2.8724703729438823,42.626793728036525
33575,1348,1350,2.621943268090197,2.042856074003822,128.12609531403348
5855,278,281,2.7271789048116126,2.5939278998598665,35.70136842849094
95240,232,233,2.934057812205045,2.938968752822691,24.243434899175295
64015,684,700,2.488398858634431,2.695794030337088,107.28615911743104
18033,165,174,2.892879575438013,2.658874917763989,52.92815020193271
264525,305,307,2.81631437141703,2.6661019219467934,7.618208053179933
223256,319,319,2.832334977162971,2.130098653754529,26.300713991956403
268544,694,716,2.3097596138917784,2.641972800956143,101.90810245027455
232211,272,272,2.859772117421976,2.9957958711464814,64.92258874995959
169868,236,236,2.8852778560708257,3.785054946803863,26.561149288063856
24751,576,599,2.7677028270120485,2.3561549934063,68.43335580829222
13656,776,794,2.7977465156545147,2.9247397113809566,6.529753604850203
159595,332,344,2.7617018221046816,3.0892857132999905,36.765336805874156
40416,835,884,2.6105044081834734,2.3595608660350593,87.0677080133763
218547,628,628,2.742353781016377,3.1042741343771265,38.123823305186136
138415,1900,1912,2.4924268533056186,2.5207109610520586,112.82486363328067
218352,425,429,2.8484493820910437,2.7715418382822192,62.87987183624702
12090,1451,1470,2.6658582820963797,2.587249011225161,153.28284171900415
240954,1221,1246,2.1763778684092503,2.409520012343654,65.16291667448947
87269,291,291,2.864627528317049,3.1242446171852087,38.294673901676546
185479,142,142,2.7723209211785678,2.4119032229347783,24.792490013372824
254866,197,197,2.758535549612794,4.180738698054734,24.84437303112246
264384,758,773,2.8177891682856218,2.492844080835285,-12.4069191433968
19001,939,939,2.8228628435547125,2.5548563624333824,149.28814486911932
237927,648,668,2.521287684819641,2.1649759133968556,68.12911950229653
260150,904,917,2.857784427995842,2.7053360406726936,66.05648867225726
138853,330,330,2.851546977217825,3.0766425148261076,92.03035061767223
105518,402,405,2.7596684736747186,2.682537755385296,2.196044866958983
146316,378,380,2.842705530318475,3.3918611877460902,34.46143442569384
17190,440,440,2.787695743535494,2.8488121645458646,43.45299700931241
22003,1065,1083,2.365246199991867,2.422174945095414,167.21628081824778
70494,2146,2212,2.221189123627122,2.696770547111453,93.92353896756109
162014,517,541,2.247186623471316,2.6317560524255876,54.873596201828434
37758,202,205,2.660482512809867,3.8150147763122177,30.56006951289603
225139,430,446,2.6762995870914685,2.6650022299651352,77.6907187914517
245197,314,318,2.80050656168437,3.1595948027557403,43.32202583763368
62212,298,306,2.7953068411106576,3.209550322024415,25.933229656333
47308,1292,1309,2.7555570515946894,2.513845471245146,66.79755664906446
139083,223,235,2.822503936052148,2.35678287575777,47.977798036200376
105837,984,984,2.7943667581183464,2.1214329103155563,156.32734086129386
107639,1255,1279,2.7840514031051105,3.053780557776844,74.58020819658523
481,136,136,2.684696703227318,3.4608401850035415,15.468532280187578
81378,564,568,2.903772090389092,2.278940120055382,-0.7642967480826266
78439,323,335,2.801600450815322,2.754897822259186,72.07208209631169
144892,522,526,2.6261528622118555,2.8944182099697437,102.66302612417495
205365,228,228,2.9215798786815794,3.57814959979213,33.08892801064829
152973,299,299,2.8415166561062337,3.526358208897944,37.300459771690484
991,484,484,2.7899822163768073,3.4775670486014225,16.821957369810136
153250,966,971,2.811507984382028,2.67957408996814,109.83415642755804
266650,309,313,2.8231017968156187,2.7805883142555503,56.54775384334746
271516,488,494,2.8645705198269034,2.6053793373498486,81.12453794598864
269285,284,284,2.8757009177857844,2.7130994436549174,14.617746614203863
212317,577,591,2.8414928516458575,2.6406936851175975,82.50661042625045
88266,574,600,2.357931914072184,3.2589112093475903,23.63346368220123
22420,429,429,2.761285031112059,3.224357873486319,29.264940739491635
183190,349,349,2.8439675744441106,3.208576680647886,45.49502557226909
198957,686,689,2.440798114161357,2.8699537114329146,62.57795836940058
1636,1117,1127,2.5930328841844417,2.6934558472430594,61.453403055655464
32658,344,352,2.831129860103651,2.6606381436612754,29.592804866216728
159777,187,191,2.8109919095659324,3.1905077085690055,11.542192565405275
227355,1453,1478,2.8401380583800604,2.7235306598153417,167.40394679092714
85890,617,632,2.806571226596419,2.952677191328468,56.62621997586598
177249,560,563,2.6993568414885143,3.103181897546556,17.456379812024892
221909,905,911,2.698415153538688,2.925115092304103,-15.020835164801106
248871,328,344,2.798792445273514,3.133533614178506,33.33788704629618
81024,321,326,2.7872799483925803,3.277251275434988,37.137669114024135
252257,147,152,2.856696766747957,2.7451569936997022,36.38146271281971
140741,904,912,2.796403860204195,2.805720079507232,75.11023720919596
120032,417,417,2.76979208477992,2.519735621811651,16.91644809684121
45005,428,433,2.806326853135742,2.6780673317466523,32.26756351815311
126926,441,443,2.855019091088666,2.8086119881706786,65.67766938616951
76453,382,413,2.9107135791231875,2.8533360354518713,15.17220959344415
124880,1407,1461,2.655548894628606,2.3608658710094477,146.9653632992849
199842,267,268,2.907575966396033,2.9848343066041325,38.08650061504659
164016,415,436,2.4114286185517866,2.7922107258185744,94.76770818772168
44274,775,778,2.8199226598460996,2.982317674944113,29.86028493714122
271098,698,701,2.7532741060945196,2.54650442897839,25.394173458661864
12079,709,730,2.6346385019575886,3.0738403091359174,67.94615958686585
39960,298,298,2.768581280809762,2.836307865506852,55.51969958225643
186288,917,924,2.865909869318457,2.579705569905472,97.94849709243711
13295,975,974,2.800850180544089,3.0035165875012386,142.228026138291
63167,179,179,2.8048109442198528,3.596573902266098,29.30868629128205
40619,1183,1221,2.3961196524939647,2.527170927037879,119.13647628775493
192438,1066,1127,2.6409728495246036,2.7350040875314177,145.56958403206735
100172,476,476,2.3744742026406516,3.769363212624641,105.7331532633645
35442,974,1000,2.241350947780556,2.4247026894015957,97.3266618772846
224798,410,411,2.792204212347733,3.149447682283342,45.014345002698974
168932,825,838,2.8590202183115605,2.220022064913871,109.10670986987235
72106,579,611,2.804487355849625,2.3998915406022627,82.52389654116773
20348,728,753,2.840500834044225,2.622485972610539,90.16025207321752
40674,508,518,2.7583780477951256,2.799021433642167,70.44024473802865
268193,914,949,2.338889187635896,2.620972392087703,86.24998737232342
232110,505,505,2.7778319931422555,3.507596044799974,89.1380551620944
27613,186,192,2.8320076486666066,2.7124870738795948,37.1500779228145
21863,618,627,2.8083552519090733,2.444008580287904,37.83190043283457
268523,325,340,2.1026442419804576,2.2403404981525936,18.930250363350453
173829,573,579,2.845421873953338,2.4670616470850795,82.78410020899592
74263,191,193,2.786119794654288,3.060599141647816,23.184610660359876
46119,1481,1481,2.7892802749138816,2.640005534394447,112.09651952620047
52167,537,541,2.8183235442212795,2.523843684533209,21.402088479160813
130317,231,232,2.787321971325982,3.181399087721919,26.18453547685971
129246,1013,1034,2.163808198091956,2.872422239527744,104.32391408379927
218149,187,189,2.813404481039908,2.980056847850364,31.936729301282295
142660,883,906,2.727383039133459,2.7748601253777925,84.3749930848261
90296,1168,1207,2.4813808551309413,2.5827476946555423,155.37828789882593
26715,957,958,2.8108419776854086,2.9732119738552085,127.67565497123903
94639,398,410,2.8038701332410447,2.8113454295565976,48.18256491644966
121612,852,861,2.741807739302996,2.7443000620041462,160.53611608669925
159473,933,946,2.8090169082551695,2.8264040153521863,132.09276944476326
245538,1056,1056,2.8771212804384643,2.637543395131694,66.85003516822137
29286,912,928,2.5261029405366036,2.6514582897313663,37.81445187186107
169602,347,347,2.866340657040549,2.740314276898212,45.65423125402114
110292,910,933,2.395476109707266,2.906942481744542,101.05290037657586
140259,853,855,2.860136370444375,2.613539977352088,42.424575867545435
84082,351,357,2.727500027230952,2.4434967697831023,54.85941658722685
54222,165,165,2.5515809426586062,3.1917517908207707,10.830479788161597
78567,770,793,2.806162548536136,2.46486055075451,96.76226621383452
248938,602,604,2.814986772084439,2.7215362118015833,65.6883731320961
161647,345,350,2.810386125306268,3.1764146872639136,32.364459529386274
45130,431,434,2.6434049150503194,2.6299420493355643,47.50782489439664
209575,878,902,2.802018596627928,2.552463281032124,9.52667171466124
157716,568,574,2.8820162846117885,2.9759464823016146,58.96402691621834
65706,717,731,2.44656303515608,2.599334046232637,44.30463536068619
272480,2243,2284,2.215719212731332,2.4012729263999986,161.1270688485585
62182,263,263,2.8869674716567295,3.700036556058466,8.028626517893407
221065,193,193,2.7965762777382097,3.1517405416721043,35.66975283585119
170826,136,136,2.7589120536088068,3.5189641054607748,10.14858588012734
206252,280,280,2.6729227226294743,2.953376607926425,40.289941331839344
7654,445,445,2.8305973816665166,3.164167295713259,19.774728166992098
56914,408,412,2.7279757487541456,2.3101506058762036,8.84214209284418
23744,627,642,2.7515875869359165,3.1642185868375527,76.46983458524137
31960,365,365,2.7641893452239397,2.4606674791932592,17.55460417163724
226023,369,380,2.7840325034531777,2.8094378256223766,39.039222268559286
233344,167,167,2.873552154962356,2.7864754373985834,25.79739732650775
131283,1265,1266,2.7827065047423543,2.403578373866462,110.27475513054493
155971,275,276,2.286666544768089,2.1021163995995695,46.05189920782669
209571,214,214,2.8524356344841566,3.6683592021783142,46.57954655636834
233740,1772,1832,2.1996355927140456,2.4002686978550907,156.15844806858667
114093,149,152,2.835661949071164,3.424725059480599,61.806697878583435
74797,676,687,2.7220115001420657,3.174687866302496,36.78046610606856
12564,207,207,2.913701606012604,3.206258387089927,21.09889449554503
111313,1180,1218,2.3824188144286156,2.5924027396930533,129.95240757608232
259256,1548,1549,2.8088992490615996,2.57024767412576,101.85429740463965
201408,509,510,2.869209140276148,2.741043411600191,99.90403376573455
241625,459,459,2.7974316947820714,2.723860246455138,35.93820056386461
163484,762,762,2.348890013338994,3.721350611940763,-99.90574525111205
16063,274,274,2.8170597475839054,3.25209006853478,40.81964200310285
185791,570,574,2.7942543590157825,3.1942394807363415,63.05279444349473
223082,1241,1240,2.832545587755252,2.136311743951962,95.91404381136932
25140,253,255,2.9237466268724694,2.917374379992074,63.10107212928603
71533,391,393,2.716350852901632,2.445656484606345,37.67734672877255
42515,481,495,2.3800307178201767,3.084943443579004,36.733564362670364
126209,350,352,2.8062536467050045,3.0543805440356264,55.97992767177787
84972,975,984,2.8100636446152927,3.081454714879127,27.725848387507895
177182,618,632,2.4849238839926926,2.1771508782945657,128.79187912871873
51793,423,434,2.4417117008788196,2.7892910584693005,56.330430402498685
77423,663,683,2.830732860253825,2.3952326278121068,76.5980238235533
118867,839,851,2.592518533376828,2.867260677169898,84.81399313539691
158315,309,323,2.8127789857338383,3.1540363704493912,0.9228580305621034
255045,608,651,2.5967261409253175,2.4764281633034515,72.16397392183897
55836,1455,1480,2.4923010314094514,2.209518398105794,107.36775348182361
72357,356,356,2.60908997092812,2.5302572054564756,39.629009865390955
142794,453,453,2.789228268574519,2.9717587205412923,49.823466577559664
47098,754,760,2.8465226132857495,2.809404328443086,70.86580022437072
192476,132,133,2.769925205597874,3.152757748260553,54.269288617442676
168565,305,306,2.7461364456384496,2.660243230630328,31.28437318267002
221724,167,167,2.776864804396222,3.1576919261731935,16.681798708353252
257098,196,196,2.8299811637879575,2.923826778782904,31.204021526858043
175793,612,638,2.77505488851154,2.752807847304423,97.10514029377475
43205,429,429,2.76153749490213,2.649707186867146,25.777866546823155
160830,159,161,2.831562731985632,3.2224856357148766,32.51579535098827
147048,154,154,2.7789419034120164,3.5062283419638556,28.985385096453403
237110,131,132,2.60724842389208,3.1814634465616707,23.373263131878694
129551,323,323,2.9102644598913967,3.2777779493943435,33.71659896013856
201788,1579,1600,2.756217066202805,2.510669047706776,171.81864594402833
227202,436,439,2.8100634243730216,3.054284448255876,51.5951502927001
10430,1502,1504,2.533064571789463,3.065437822630293,167.36618973220453
11919,618,621,2.4622766413580752,3.095045764165024,51.7743882148204
261379,753,749,2.7245820968176835,2.311621034460169,121.84467532421016
199037,180,194,2.8391488477897244,2.708850582359875,33.501843664050845
105642,303,312,2.851619554409507,3.142169203457155,83.3977799098267
85234,452,467,2.7867525274765654,2.351346243488389,100.54108879273385
146235,882,887,2.6603381532974906,2.5254674697239836,-3.4548686795616708
270291,1248,1294,2.2747870944178064,2.470444725268624,150.0250953049663
166835,257,257,2.6988897066555064,3.0514723994365474,50.695433031863956
56304,1963,1987,2.4862872335526673,2.6272818922680377,167.8877327874018
143114,396,397,2.80111508329057,3.329675059039414,41.91929704381035
163872,467,481,2.8090584538036802,2.5260585042731334,36.48340806454131
233770,543,549,2.7501939617668905,3.0502062945345054,24.133818730996765
103300,218,218,2.859742761230464,2.8363787695525615,10.858806167452297
23727,334,341,2.119411994030889,2.5365871550955816,43.55281725541956
208312,597,605,2.8033995053140655,2.146528190574256,56.33973158014179
232608,732,739,2.8180448902539417,2.3965946712673216,60.634329949659424
216972,228,244,2.6330779716979404,3.3330277720380117,38.535507925764485
126844,890,898,2.843071535103384,2.7703544315878097,54.78404132309585
10274,340,342,2.5378391936904157,2.5473392884484274,94.75484765769413
59905,943,977,2.798029583020954,2.7897693757446094,62.79662000403176
20421,989,1019,2.439347838535619,2.4402413447601763,75.74676759717387
78004,756,758,2.789578114238388,3.1246382964687447,110.82118598473308
116086,597,598,2.1690194918381196,2.8558862657842883,42.84766112699407
180400,866,890,2.6929860930691736,3.028762977829373,124.93606648811496
117756,766,766,2.7733051997040987,3.2163702549568733,46.522554543953
270156,234,240,2.8779797263902442,3.3446567450211204,34.45414404359208
120185,139,139,2.82478963828225,4.450068677779078,12.774583875690386
6640,1679,1737,2.6755234078951844,2.269534575374265,178.37890663820176
15996,536,562,2.841141723227454,2.4848360066633135,93.30507510492541
227837,1279,1295,2.1998462109547923,2.2204901127643755,44.835897402002004
200983,1176,1190,2.7544262960064234,2.9828157992530318,107.2602033928457
198913,626,631,2.8776962600343277,2.7643942628519667,35.288398308734116
60076,188,192,2.7674344630925267,2.5835590715046313,26.156135430690878
252442,197,202,2.760748266107723,3.1801240610139208,40.20090996440816
256276,1597,1614,2.7857847113934877,2.478505306431282,169.99274797331776
28131,422,427,2.8297375961975555,2.831353897351496,63.52305455761133
73033,241,241,2.8419253408359983,3.32441920561719,31.80301442007767
32721,248,248,2.852753503092264,2.9270490571185763,46.209465436343116
57929,281,289,2.814540461913166,3.0890828808696758,63.48118687766399
136822,750,771,2.8661209312176865,2.708281223160812,130.5909968751001
264479,549,549,2.7580197966250593,2.816847775792494,68.51961373279013
261217,1415,1415,2.39129671857662,3.2354993853776772,81.09994106093959
250533,571,572,2.8320886229533437,2.341328561102528,48.175986684159724
142083,998,1040,2.8372349275845283,3.0251705362283428,83.37450163068995
63730,562,564,2.7231420075276893,2.801538733051541,26.636189610768348
214056,379,391,2.8423455393845956,3.253288235900744,68.56218275717092
92486,545,563,2.819944775020288,3.4810271451221753,144.14207932926644
30394,667,667,2.8551344040165083,2.9087887809598096,115.51148756073098
100181,801,816,2.3563170494098302,2.5106627243320583,95.84714891107478
265876,1165,1204,2.398626206766796,2.325850011528578,78.03161548267947
229350,169,173,2.7681268927015696,3.7113179209443254,71.63318484829672
127042,229,229,2.796622996504674,3.312245109718911,26.456887040358705
230022,487,498,2.802825298146156,3.0732923799314666,49.388733916684004
252713,929,929,2.7997228515330006,2.597150422260473,120.7034447783099
24947,371,380,2.6974187860540173,2.567148799639629,55.54941149952928
199173,140,141,2.733803794882762,3.22256325355683,31.454394006733665
252697,1039,1063,2.705659752652253,2.976570573380641,126.7414826527149
11171,332,332,2.820008425132246,2.8392919196128705,44.94970734781987
65664,304,306,2.7895733887802963,2.9630616552348608,8.747913258369476
225527,819,831,2.5141436904647447,3.4645080754562088,78.19617651447997
2167,664,709,2.667675923439829,2.799283089604678,116.74678943143311
30561,432,443,2.8171011083436515,2.9398333942700585,28.22997025387146
128293,358,358,2.8405004968856518,3.0535569096547692,54.083503780610705
233348,1037,1057,2.3790075155622885,2.7657721806811235,145.8088109272819
7448,372,372,2.815123628316194,2.514747536472949,42.725420300751196
79295,1475,1504,2.395091733375068,2.23172149758618,167.18979594877916
111532,1795,1845,2.6919140515798423,2.498390415566546,128.27558812645282
100426,1102,1439,2.4204726088165116,2.5915314013500033,182.79424582926856
15081,404,414,2.8776314643545136,2.950353549403429,48.858669019528385
108327,831,838,2.797188943007434,2.2989705422863316,59.88636787344122
74024,884,905,2.189586769629152,2.295984029950256,79.70635238647377
165298,226,237,2.77259999673885,3.259616835370838,-6.1575922865055075
213949,805,808,2.697333777641049,3.1673688522244863,94.06086962251304
253563,262,273,2.845643900011823,2.953222458191009,45.418995750375835
222709,359,364,2.7332246287806767,3.3996424339833053,-19.511611236412
119351,343,342,2.7813578335591136,2.672215667311606,50.744553843886884
64160,247,247,2.838183611725754,3.296274004404512,37.3763812593187
31304,342,344,2.92837074808284,2.421215948370535,96.55809438218746
7656,478,527,2.7735059015312853,2.882422471665776,82.41762659204407
129954,224,237,2.723394912878018,2.372712086495748,47.13082133591234
178468,806,834,2.497388943967468,3.0628008418168124,92.19704506165513
208321,474,474,2.8243754702880093,2.9275156491721774,9.86686814760483
58332,273,273,2.64670468273528,2.679520354994524,46.669481052357554
59117,1054,1069,2.788191052789296,3.3000273731688208,26.157378281276756
143035,259,260,2.6960624817802463,2.621316802779515,8.057986494686098
150904,938,966,2.418152541213845,2.4414360162143214,126.86763840066861
203055,575,587,2.7154348928911647,3.1014903181379907,79.30331490178061
1542,469,475,2.7899570980336095,2.2341628436300893,68.44328731191503
82982,187,187,2.748177187999446,2.791038585063281,40.36109312822675
130758,512,512,2.8376285168723507,2.300697015918301,28.339440674025507
230374,621,628,2.7314777437768445,2.5474739144504515,98.17626000531651
3260,1652,1689,2.366971144437197,2.81185681144746,191.3633986618005
39095,677,685,2.444910859108424,2.540399934992908,27.91195787296735
52179,270,280,2.7985179135653935,3.928969259979985,82.92235093543745
33244,1085,1092,2.7578909397830147,2.657915170964381,168.81805077886258
154081,313,313,2.8225662008077275,2.541730266569845,23.658842449326155
74266,286,286,2.8490787081235105,2.809765192364153,39.55151145586716
214406,601,618,2.863450316621135,2.799996670711312,133.25792836434357
23867,887,890,2.872823998356027,2.9265828379471825,139.71269003010124
199111,767,774,2.4494758851691363,2.588566551447433,17.721530514420476
112941,890,918,2.5656248547685347,2.2523614293003753,63.349614636532884
76234,321,342,2.811087985341665,2.74142851037575,13.693067719859728
19011,453,454,2.8542397002847357,2.7331013969608207,51.167347817324206
243425,779,794,2.8145782930366443,2.4867277895284876,106.1744932396785
71725,586,586,2.4290509060377365,2.35321244555684,64.87016627625114
195018,618,625,2.7886733168226745,2.9634204231946097,63.280256317036255
221539,770,772,2.806653864910242,2.9565015157048564,90.92072992875755
54814,201,211,2.6254888717216733,3.670052026428067,52.621305045034184
228347,203,203,2.738887934468402,3.444609012624192,19.10318393476553
259410,2034,2042,2.66419446967147,2.4368723345795535,99.38445549612278
230068,134,134,2.7180677255361827,2.818170268064722,18.842786925449467
189618,408,412,2.6882115688585326,2.8871422405597373,51.34374503669754
150291,603,606,2.8342980697965774,3.5832469474149664,75.22021423913336
93791,2088,2151,2.4861450809519168,2.369005119557779,160.23355050536364
260978,472,472,2.7840519663916155,3.4601255879178563,-31.007387119171135
112899,1549,1579,2.5915619205237426,2.6113212656669536,80.47775671055616
204561,298,300,2.8041250205511195,3.1742107343588395,76.42425327967553
111242,1052,1064,2.477090113999934,2.3303911544606604,165.97291430516498
27794,130,140,2.6952711447916973,3.3999731995516576,51.83419774247788
101302,811,816,2.8408335793286774,2.654978661544968,62.375390237494535
118481,306,311,2.8352580083263894,2.855130480566981,25.912128576248968
163693,1643,1665,2.3098358638472396,2.384913494504036,132.63531462772494
38071,165,168,2.802757139910745,3.5687237186923335,-0.15866631338010467
51367,422,435,2.7059451594507427,2.654374960294763,31.70933385091048
260647,1147,1235,2.2723911936079317,2.3949859542151533,86.84826970040116
190082,225,226,2.878058640875179,3.1558710216922594,49.24954141730405
85508,497,499,2.8165731662165037,2.9437709425970136,49.33228435463852
1678,354,358,2.764476773640867,3.1370817696688498,55.13593292205782
124764,496,508,2.495830242428024,2.794398002356526,91.54937756582558
59566,689,687,2.6088425226794367,2.4961624857521683,103.54044259968445
107112,555,555,2.7164523120705657,3.1348286224737656,112.30349281479604
239135,597,619,2.7960623223872707,3.0094003651273376,101.45999063883366
222416,319,321,2.789790416135073,3.8599136830604697,51.52800412389743
10683,907,928,2.6631306665770302,3.200731886772132,122.0326563845719
214729,293,301,2.718605697026238,3.064930662155596,53.01341155599821
82658,211,215,2.8355538595795533,3.519700502329908,17.188603033811553
131091,303,303,2.583256012622849,3.103749322339945,35.613635972910856
87538,1473,1546,2.4014342653866376,2.619100288166267,139.3777686561822
37475,1240,1240,2.634363039568534,2.9320654041465755,54.999742707393864
19533,153,153,2.885007717121972,3.2406686463263683,-3.799334523237892
136111,386,398,2.8104688330539185,2.5712355828272964,58.95330671564546
21622,1130,1150,2.5347164571507896,2.507424927706813,182.25521152286996
245308,262,266,2.7795830436526834,2.804505960809573,23.487340770893898
241601,1529,1557,2.6443858010694163,2.51936898095235,133.31449182616296
170139,451,463,2.8190802879449723,2.84309663861731,99.71364945857029
36161,270,270,2.47186538764278,2.668550838033177,40.278525343877114
271568,208,213,2.7971877162771794,3.3098414423549265,64.89427475302459
254328,588,594,2.7909216555486114,2.6099642532811984,53.45585546607025
67906,177,177,2.823194732728915,3.0152585681335657,23.995608438594044
247122,791,804,2.447088469923428,2.418938367962941,58.224246887217845
160554,516,527,2.7816058142987123,2.2355549753733435,77.92867548700846
119210,254,256,2.8178170985265485,2.995192883744921,30.17006637171782
178881,977,987,2.904029297202918,2.992547968753029,80.48783598403033
48182,163,163,2.740672779898655,3.054947177676191,36.35383482055317
1671,196,210,2.866091578916286,2.472366085596508,21.782512092538806
124739,316,324,2.5920676274165175,2.751418520651495,58.23056268004919
44892,153,154,2.8489245546453685,3.0376540804110532,41.25674902215732
140305,435,439,2.8936690462304684,3.2001161234075166,82.48203386336208
57897,443,450,2.8356271092367464,2.821135640459541,38.44246294775876
253987,186,187,2.8085872322064125,3.1163848030705434,12.026704390925508
234585,362,362,2.809227232987472,3.307901948282509,42.73097565113682
69652,210,213,2.8072767314268248,3.7316684051247893,-2.4407288712972033
136135,280,280,2.8105458796238576,3.9505817450465486,36.04067936401118
12462,336,336,2.737750143155003,2.781467512337701,54.872568513967636
24315,563,564,2.8832375517783335,2.770366629644206,58.96018089618693
99336,1009,1011,2.8107080808615468,2.6109211376818577,93.79848090836731
117994,1100,1148,2.1203674952093783,2.5096292175809296,69.4337419902287
18491,658,679,2.816269240754623,2.848929961371,122.94659849980931
116951,1139,1141,2.8125897739442802,2.7513531925001407,98.22017160797193
2074,1189,1201,2.554913564944478,2.3181407347692806,87.80625141422627
44652,1182,1196,2.361319187373888,2.526103786188574,195.7922887354466
174570,301,305,2.827551685532223,3.2864829735715544,56.60280884725081
24053,418,422,2.87334075148634,2.679434434206136,35.585076348951596
146352,267,267,2.8541032567798195,4.027127330001228,43.468505992703015
110336,1813,1833,2.3266309612471385,2.163868233849925,130.72350712926206
164939,2015,2050,2.5363674481422693,2.6715201540063327,82.78421681482935
208800,1959,2022,2.464252515922137,2.280776589965075,129.4831509690801
88953,269,269,2.7874122302663085,2.928062618083916,28.266255718609713
164676,1590,1611,2.209072581058536,2.296108916321948,167.262177074663
81553,321,339,2.753069483634257,2.9517074704615194,74.66477233463793
119879,283,293,2.7482983895951936,2.980214586486279,48.36074077457115
136923,854,896,2.5240194702515595,2.344377074080836,145.192990713165
19773,125,125,2.6094095563498163,3.315798188418047,30.4664923448269
243749,148,161,2.82232236683911,3.143205004286795,54.48155072586053
97005,891,920,2.157050335296696,2.569835829962142,52.47438372394472
9645,211,226,2.908300507176727,3.2726649868118782,44.173148860075365
93501,297,297,2.8077478785603125,2.7744471944154268,56.47340578942153
236492,474,476,2.713882039208254,3.110964212419693,39.00929522411372
170049,130,132,2.822079193775442,3.3881703454313143,21.81211903199507
98871,543,543,2.833503835534292,2.561825678550989,30.664134846048007
170411,1172,1206,2.37249949365584,2.260072961047438,94.19018589610519
185561,340,341,2.495721081702835,3.2121492646680836,78.81892874940667
150798,797,797,2.5123530054375323,3.1908037422672297,113.96571709110226
69483,828,834,2.6710757759202886,2.6037635480871524,114.8417840014727
240086,1988,1989,2.1947827716970676,2.538122002263606,199.05558125575158
214836,318,319,2.7893175132478962,2.944916535301172,35.48587010893411
244319,720,745,2.6922493263457543,2.4869160372483923,17.46103252384339
94159,226,226,2.75964423719612,3.036893514443613,42.181239522872836
54072,2018,2042,2.240781982976877,2.8769681462867642,233.56047033727896
250418,714,735,2.6278069912647837,3.547125261142501,58.88363557325969
36104,764,783,2.8414381490160694,2.6223991084212908,75.19034763988167
163857,981,993,2.505867320403529,2.362027341787111,189.57129147753744
51063,232,232,2.7757796231468,3.8247435727056818,11.213214627146
216069,287,303,2.8447231422817407,2.4754289469482096,52.91449685374797
81365,405,405,2.8862771776908187,2.928516217417321,35.909665435123756
139771,203,203,2.7275202878476468,3.154638696241712,35.10193025137742
111896,446,452,2.8396278352711035,2.5166576745983043,33.228244558911676
168261,698,698,2.1427756608959623,2.79852433220448,96.95745403033871
177939,639,645,2.7192391403378537,2.766026555731895,99.30052120693549
240249,660,672,2.7887755967338195,2.5781482320778317,59.698200127734324
210565,1335,1351,2.853089383267227,1.9895852311972002,113.32035073365749
231348,486,506,2.724247039518633,2.5443734096823287,64.55508567344263
42780,1235,1297,2.352080230506578,2.5932829791821113,113.84693283186927
38636,440,446,2.7992931819563647,2.4163888180027144,63.73406627265038
81081,1257,1290,2.7103749769599976,2.1502321356545404,88.37835785825119
224487,749,772,2.3253063447764903,2.6373373696296873,103.00222700819707
75043,340,341,2.8915157061047374,3.381801944167809,8.5366319188868
104803,601,621,2.5942746332159343,2.616265162814248,106.49070941615247
128880,868,872,2.7764230189372987,2.289989690102273,66.5750786369929
34395,960,984,2.6410397359367086,2.6320292847695717,140.34818152548053
77132,473,500,2.4828428947829435,3.227018255849165,31.092281753166773
95188,260,260,2.8641420753727598,2.907849314063791,21.32980993523444
256712,568,576,2.6433375067364477,3.242936978607149,54.99838504324307
249137,385,385,2.842782488182247,3.1157356292286904,8.321566014275229
267521,818,823,2.657470122755825,2.349674467944616,24.058183968040925
254839,139,140,2.8427535266500934,2.4267240480320273,25.460607242109795
162500,569,570,2.764606352604915,3.228842870308833,28.033866255372732
236186,298,303,2.911897074954552,2.9447621098885413,37.08228357283825
172216,175,175,2.8092005223048537,2.685969314062252,27.47636136171411
877,291,298,2.8297122061031112,2.914866155283729,31.589359072797812
157619,486,503,2.8219233665030425,2.9302485853136058,109.61577023282456
221787,284,291,2.836012508090549,3.622510773690629,11.842604501052516
211060,716,716,2.653735608688323,3.0108697373850344,91.70239843465684
159127,758,766,2.516259487445222,2.1469529659661344,85.26244777365898
180390,320,329,2.8149140325694426,3.36017917722293,45.02032736068207
168516,1174,1180,2.379354232210269,2.8858368452655925,70.3699364496343
131041,1919,1957,2.7864058849964466,2.7258884546857436,284.3164974234882
225676,980,997,2.641267989836424,2.834486081076503,214.34709534082972
201878,311,314,2.8752355283207573,3.659545599035851,3.48739665817028
72306,201,201,2.7984214886914716,2.268289895692531,22.14030533457019
91345,293,293,2.83996547198548,2.8388064621696314,67.0367050769588
159585,526,527,2.775016293498301,2.698843522666256,65.16676645061828
127566,226,226,2.6749034489368886,2.394277432721081,51.57827946230182
231881,980,982,2.87058147299334,2.6453692449107096,45.54923414442287
55752,1357,1357,2.726923972422873,2.6023888226413616,96.2408835198882
188569,298,304,2.707589385477565,3.0617333644177807,98.29928677024564
92684,903,942,2.856992973361002,2.494775898306596,91.42653152981505
1911,613,615,2.1058198612959775,3.077390038008052,6.534252289430205
88803,486,490,2.8087203646555743,3.159861696479433,62.63234585318278
121164,376,377,2.836548677022292,3.185348619921088,-19.551074699387907
171028,273,273,2.7444349590482644,3.1276229129218516,70.73081796190938
88164,584,587,2.810856086139439,3.5058238590781126,33.123770222025954
49110,238,238,2.5312114017963405,3.003034106750238,20.37586674389272
122559,2077,2100,2.832497001208607,2.42844697436054,189.80370719838214
49482,373,377,2.798588294757489,2.8210662546705803,30.781639156222383
43706,736,735,2.865002763506253,2.960069584554485,59.54055384480222
66768,448,455,2.8069225389675134,2.6692746596794286,40.3121022562042
158627,510,520,2.8436666373111703,2.8799509784064843,84.26307810579262
259783,828,838,2.613971138282474,2.9127419075983267,106.32979677591207
170845,961,963,2.849294985000889,2.8498909199786806,58.713232217175864
63192,2188,2200,2.639979269052683,2.1829635311276743,186.88113134500892
84678,1128,1142,2.650802905386593,2.319276822760597,118.85858880821418
7685,1506,1519,2.4175621875426527,2.422192492011044,153.3900753405858
264366,545,543,2.274817184941318,2.9534963033162422,95.61237557217584
268504,1640,1664,2.3139016738502076,2.159706625808876,136.81627140455436
35569,755,779,2.7881814772288505,2.7536953633250496,174.83282044597217
254613,534,540,2.5366143120250264,2.719432794554215,73.94033049371556
